block_id,Company_Profile,Industry_Sector,Annual_TEU,Cost_per_TEU,Distance_CH,Mode_Decider,Existing_Mode,Secondary_Modes,Reasons_Current,Use_Intermodal_12m,Intermodal_Frequency,NonUser_Reasons,StopUsing_Reasons,User_Reasons,Factor_Cost,Factor_Time,Factor_Frequency,Factor_Punctuality,Factor_Accessibility,Factor_CO2,Factor_Flexibility,Factor_Security,Factor_Tracking,Factor_Booking,Trust_Intermodal,Cost_Perception,Risk_Damage,Sustainability_Importance,Pay_Premium_CO2,Policy_Encouragement,Govt_Influence,SP_Task1,SP_Task2,SP_Task3,SP_Task4,SP_Task5,SP_Task6,SP_Task7,SP_Task8,SP_Task9_Dominance,SP_Task10_Consistency
1,"Retailer/Wholesaler, Freight Forwarder (3PL/4PL)",Food & Beverage,"500 – 1,000",< 500,> 350 km,"Procurement / Purchasing, Other",Road,"Multimodal, Road","Risk avoidance, Flexibility, Accessibility (terminal/first-last mile), Reliability (on-time)",No,,"Damage/loss, Delays, Cost is too high",,,4,3,5,4,3,4,4,4,4,4,5,3,3,4,5,"Branch-specific intermodal services, Investment in rail infrastructure, Priority access for time-sensitive freight, Subsidies for rail transport",4,Road,Other,Intermodal,Intermodal,Intermodal,Intermodal,Road,Intermodal,Intermodal,Other
2,Retailer/Wholesaler,Food & Beverage,< 100,< 500,100–200 km,Procurement / Purchasing,Road,None,"Transit time / Speed, Sustainability (CO₂), Reliability (on-time)",Yes,Regularly (6+/yr),,,"Improved reliability, Cost savings, Environmental benefits",4,4,4,4,4,3,3,3,3,4,3,3,4,4,5,"Carbon tax on road transport, Investment in rail infrastructure, More flexible rail schedules, Subsidies for rail transport",4,Road,Road,Intermodal,Road,Intermodal,Intermodal,Other,Intermodal,Intermodal,Road
3,Other,Dangerous goods,"500 – 1,000","500 – 1,000",100–200 km,"CEO / Senior Executive, Operations Manager",Road,Road,"Accessibility (terminal/first-last mile), Regulatory compliance",No,,Rail schedules not flexible,,,3,4,5,4,4,3,3,3,3,5,3,4,2,4,4,"Branch-specific intermodal services, Digital freight platforms for easier booking, Investment in rail infrastructure",4,Road,Road,Intermodal,Intermodal,Intermodal,Intermodal,Road,Intermodal,Intermodal,Road
1,Manufacturer,Consumer Goods,"500 – 1,000",< 500,100–200 km,"Operations Manager, Procurement / Purchasing",Road,"Multimodal, Road","Flexibility, Regulatory compliance, Cost efficiency, Sustainability (CO₂)",Yes,Occasionally (1–5/yr),,,Other,4,3,4,4,4,3,4,4,5,5,3,3,2,4,4,"Branch-specific intermodal services, Investment in rail infrastructure, Subsidies for rail transport",1,Road,Road,Intermodal,Intermodal,Intermodal,Intermodal,Other,Intermodal,Intermodal,Road
2,"Freight Forwarder (3PL/4PL), Intermodal Operator (Rail, Terminal)",Consumer Goods,"> 1,000",< 500,< 100 km,"CEO / Senior Executive, Logistics / Supply Chain Manager",Road,None,"Risk avoidance, Cost efficiency, Flexibility, Technological integration (tracking, digital booking)",No,,"Cost is too high, Delays, Damage/loss",,,3,4,4,4,3,4,4,4,5,2,3,3,3,4,4,"Investment in rail infrastructure, More flexible rail schedules, Subsidies for rail transport",4,Road,Road,Intermodal,Intermodal,Intermodal,Intermodal,Road,Intermodal,Intermodal,Road
3,"Manufacturer, Intermodal Operator (Rail, Terminal)",Food & Beverage,"500 – 1,000",< 500,100–200 km,Logistics / Supply Chain Manager,Road,Multimodal,"Risk avoidance, Flexibility, Sustainability (CO₂), Technological integration (tracking, digital booking)",No,,Other,,,4,3,5,4,4,4,4,4,4,4,4,2,3,4,4,"Branch-specific intermodal services, More flexible rail schedules",3,Road,Road,Intermodal,Other,Intermodal,Intermodal,Road,Intermodal,Intermodal,Road
1,"Intermodal Operator (Rail, Terminal)",Other,"500 – 1,000",< 500,200–350 km,"CEO / Senior Executive, Logistics / Supply Chain Manager",Road,None,"Technological integration (tracking, digital booking), Sustainability (CO₂)",Yes,Occasionally (1–5/yr),,,"Appropriate transport time, Improved reliability, Environmental benefits",3,4,4,4,5,5,4,5,4,3,3,2,2,3,3,"Branch-specific intermodal services, More flexible rail schedules, Priority access for time-sensitive freight",2,Road,Road,Intermodal,Road,Intermodal,Intermodal,Road,Intermodal,Intermodal,Road
2,"Manufacturer, Other",Industrial Equipment,100 – 500,< 500,100–200 km,Operations Manager,Road,Multimodal,"Accessibility (terminal/first-last mile), Sustainability (CO₂), Regulatory compliance",Yes,Regularly (6+/yr),,,Customised service,4,5,4,5,4,4,4,3,3,4,3,4,4,4,4,"Carbon tax on road transport, Digital freight platforms for easier booking, Investment in rail infrastructure",2,Road,Road,Intermodal,Road,Intermodal,Intermodal,Road,Intermodal,Intermodal,Road
3,Freight Forwarder (3PL/4PL),Food & Beverage,100 – 500,< 500,< 100 km,Other,Road,None,"Sustainability (CO₂), Regulatory compliance, Cost efficiency, Flexibility",No,,"Complicated booking, Lack of tracking, Damage/loss",,,4,4,3,5,4,4,4,4,5,4,3,2,2,3,2,"Investment in rail infrastructure, Other",3,Road,Intermodal,Intermodal,Intermodal,Intermodal,Intermodal,Road,Intermodal,Intermodal,Intermodal
1,"Manufacturer, Retailer/Wholesaler",Food & Beverage,< 100,"1,000 – 2,000",100–200 km,"Other, Procurement / Purchasing",Other,Multimodal,"Cost efficiency, Accessibility (terminal/first-last mile), Transit time / Speed",No,,"Transit time too long, Delays",,,2,4,3,4,3,4,3,3,4,4,3,4,3,4,4,"More flexible rail schedules, Other",3,Road,Road,Intermodal,Road,Intermodal,Intermodal,Road,Intermodal,Intermodal,Road
2,"Retailer/Wholesaler, Manufacturer",Consumer Goods,"500 – 1,000","500 – 1,000",100–200 km,"Procurement / Purchasing, Other",Road,"Road, Multimodal","Technological integration (tracking, digital booking), Regulatory compliance, Reliability (on-time)",No,,Complicated booking,,,4,3,3,5,4,5,4,4,4,4,4,4,3,4,4,"Digital freight platforms for easier booking, Investment in rail infrastructure",3,Other,Intermodal,Other,Road,Intermodal,Other,Other,Intermodal,Intermodal,Intermodal
3,"Other, Retailer/Wholesaler",Food & Beverage,< 100,"500 – 1,000",200–350 km,CEO / Senior Executive,Road,None,"Risk avoidance, Technological integration (tracking, digital booking), Flexibility",Yes,Occasionally (1–5/yr),,,Cost savings,4,5,3,2,5,5,3,2,4,4,5,3,3,3,3,"Branch-specific intermodal services, More flexible rail schedules",5,Road,Intermodal,Other,Road,Intermodal,Intermodal,Intermodal,Other,Road,Intermodal
1,Other,Food & Beverage,100 – 500,"500 – 1,000",100–200 km,"Logistics / Supply Chain Manager, Operations Manager",Road,Multimodal,"Cost efficiency, Technological integration (tracking, digital booking)",Yes,Regularly (6+/yr),,,"Environmental benefits, Appropriate transport time",4,4,5,5,4,3,4,4,4,3,4,3,3,4,4,"Digital freight platforms for easier booking, More flexible rail schedules",2,Road,Road,Intermodal,Road,Intermodal,Road,Road,Intermodal,Intermodal,Road
2,"Manufacturer, Retailer/Wholesaler",Other,100 – 500,"500 – 1,000",< 100 km,Logistics / Supply Chain Manager,Multimodal,Multimodal,"Transit time / Speed, Cost efficiency, Risk avoidance, Accessibility (terminal/first-last mile)",Yes,Occasionally (1–5/yr),,Inflexible schedules,Customised service,4,4,3,5,4,2,2,4,4,4,4,3,4,3,2,"Carbon tax on road transport, Investment in rail infrastructure, Subsidies for rail transport",3,Road,Road,Intermodal,Road,Intermodal,Intermodal,Road,Intermodal,Intermodal,Road
3,"Retailer/Wholesaler, Manufacturer",Dangerous goods,< 100,"1,000 – 2,000",200–350 km,Procurement / Purchasing,Road,Multimodal,"Technological integration (tracking, digital booking), Flexibility, Risk avoidance",Yes,Always,,,"Environmental benefits, Other, Cost savings",3,4,5,5,4,4,4,5,4,3,4,1,3,1,1,"Branch-specific intermodal services, More flexible rail schedules, Priority access for time-sensitive freight, Subsidies for rail transport",4,Road,Intermodal,Intermodal,Intermodal,Intermodal,Intermodal,Road,Intermodal,Intermodal,Intermodal
1,Other,Industrial Equipment,"500 – 1,000","> 2,000",100–200 km,"Logistics / Supply Chain Manager, Operations Manager",Multimodal,None,"Flexibility, Transit time / Speed, Technological integration (tracking, digital booking), Sustainability (CO₂)",Yes,Regularly (6+/yr),,,"Customised service, Other, Appropriate transport time",4,4,4,5,4,3,5,3,2,3,3,3,3,3,3,"More flexible rail schedules, Other",4,Road,Intermodal,Road,Road,Intermodal,Intermodal,Road,Intermodal,Intermodal,Intermodal
2,"Intermodal Operator (Rail, Terminal), Retailer/Wholesaler",Dangerous goods,"500 – 1,000",< 500,100–200 km,Operations Manager,Road,Road,"Sustainability (CO₂), Risk avoidance",Yes,Occasionally (1–5/yr),,,Other,4,4,3,4,2,3,4,5,5,3,5,3,3,4,4,"Carbon tax on road transport, Other, Priority access for time-sensitive freight",2,Road,Intermodal,Intermodal,Other,Intermodal,Intermodal,Road,Road,Intermodal,Intermodal
3,Freight Forwarder (3PL/4PL),Chemicals,< 100,< 500,< 100 km,Operations Manager,Multimodal,Road,"Transit time / Speed, Reliability (on-time), Cost efficiency, Accessibility (terminal/first-last mile)",No,,"Need last-mile road, Other",,,5,4,5,4,4,4,4,5,2,2,3,3,4,5,4,"Carbon tax on road transport, Subsidies for rail transport",3,Road,Intermodal,Intermodal,Intermodal,Other,Intermodal,Road,Intermodal,Intermodal,Intermodal
1,"Other, Freight Forwarder (3PL/4PL)",Perishable goods,< 100,< 500,200–350 km,"Procurement / Purchasing, Operations Manager",Multimodal,Multimodal,"Technological integration (tracking, digital booking), Cost efficiency, Flexibility, Sustainability (CO₂)",Yes,Regularly (6+/yr),,,"Customised service, Appropriate transport time, Cost savings",4,4,3,4,3,3,5,4,4,3,4,2,1,2,1,"Digital freight platforms for easier booking, Investment in rail infrastructure, Subsidies for rail transport",3,Road,Intermodal,Intermodal,Intermodal,Intermodal,Intermodal,Road,Intermodal,Intermodal,Intermodal
2,Freight Forwarder (3PL/4PL),Consumer Goods,"500 – 1,000","500 – 1,000",200–350 km,Operations Manager,Road,None,"Transit time / Speed, Accessibility (terminal/first-last mile)",Yes,Occasionally (1–5/yr),,,"Environmental benefits, Appropriate transport time, Customised service",4,4,4,5,5,4,4,3,4,3,5,3,3,5,4,"Carbon tax on road transport, Digital freight platforms for easier booking",3,Road,Road,Intermodal,Road,Intermodal,Intermodal,Road,Intermodal,Intermodal,Road
3,"Manufacturer, Intermodal Operator (Rail, Terminal)",Consumer Goods,100 – 500,"500 – 1,000",200–350 km,"Logistics / Supply Chain Manager, Procurement / Purchasing",Road,"Road, Multimodal","Transit time / Speed, Accessibility (terminal/first-last mile), Risk avoidance, Flexibility",Yes,Occasionally (1–5/yr),,,Customised service,4,5,4,5,5,4,3,4,4,3,3,5,3,4,5,"Investment in rail infrastructure, Priority access for time-sensitive freight, Subsidies for rail transport",2,Intermodal,Intermodal,Intermodal,Intermodal,Intermodal,Intermodal,Road,Intermodal,Intermodal,Intermodal
1,Retailer/Wholesaler,Industrial Equipment,100 – 500,< 500,< 100 km,"Other, Procurement / Purchasing",Multimodal,None,"Technological integration (tracking, digital booking), Regulatory compliance, Risk avoidance, Transit time / Speed",No,,"Transit time too long, Delays, Cost is too high",,,4,4,3,5,4,4,4,4,3,5,3,4,4,3,3,"Investment in rail infrastructure, More flexible rail schedules, Other",3,Road,Intermodal,Intermodal,Road,Intermodal,Intermodal,Other,Intermodal,Intermodal,Intermodal
2,"Freight Forwarder (3PL/4PL), Intermodal Operator (Rail, Terminal)",Food & Beverage,100 – 500,"500 – 1,000",200–350 km,"CEO / Senior Executive, Operations Manager",Multimodal,None,"Reliability (on-time), Regulatory compliance, Sustainability (CO₂)",No,,"Complicated booking, Need last-mile road",,,2,4,5,4,2,4,4,5,3,3,5,3,4,4,4,"Branch-specific intermodal services, More flexible rail schedules",4,Road,Road,Intermodal,Intermodal,Intermodal,Intermodal,Road,Intermodal,Intermodal,Road
3,"Intermodal Operator (Rail, Terminal)",Other,"> 1,000","1,000 – 2,000",200–350 km,Operations Manager,Road,"Multimodal, Road","Reliability (on-time), Flexibility, Sustainability (CO₂)",No,,"Transit time too long, Lack of tracking, Cost is too high",,,3,3,5,4,4,4,4,5,4,2,3,3,3,2,2,"Branch-specific intermodal services, Digital freight platforms for easier booking, Priority access for time-sensitive freight",3,Road,Road,Intermodal,Road,Intermodal,Road,Road,Intermodal,Intermodal,Road
1,Manufacturer,Chemicals,100 – 500,"500 – 1,000",200–350 km,"Operations Manager, Procurement / Purchasing",Other,Multimodal,"Cost efficiency, Regulatory compliance",No,,Delays,,,5,5,3,4,5,4,4,3,3,4,4,3,3,4,4,"Carbon tax on road transport, Investment in rail infrastructure, Other, Priority access for time-sensitive freight",4,Road,Road,Intermodal,Road,Intermodal,Intermodal,Road,Intermodal,Intermodal,Road
2,"Manufacturer, Intermodal Operator (Rail, Terminal)",Food & Beverage,"500 – 1,000","500 – 1,000",< 100 km,Procurement / Purchasing,Other,None,"Flexibility, Regulatory compliance",No,,"Need last-mile road, Cost is too high",,,3,4,4,4,3,4,3,4,4,3,3,4,3,4,4,"Branch-specific intermodal services, Carbon tax on road transport, Priority access for time-sensitive freight",4,Other,Road,Intermodal,Road,Intermodal,Intermodal,Road,Intermodal,Intermodal,Road
3,Manufacturer,Perishable goods,"> 1,000","1,000 – 2,000",> 350 km,"Other, CEO / Senior Executive",Road,None,"Regulatory compliance, Technological integration (tracking, digital booking), Cost efficiency",Yes,Regularly (6+/yr),,,Improved reliability,4,4,4,4,3,3,5,3,4,3,3,3,4,4,4,"Branch-specific intermodal services, Digital freight platforms for easier booking, Other, Priority access for time-sensitive freight, Subsidies for rail transport",4,Road,Road,Intermodal,Road,Intermodal,Intermodal,Road,Intermodal,Intermodal,Road
1,"Manufacturer, Freight Forwarder (3PL/4PL)",Perishable goods,100 – 500,"500 – 1,000",> 350 km,Operations Manager,Road,None,"Cost efficiency, Transit time / Speed, Regulatory compliance",Yes,Regularly (6+/yr),,,"Appropriate transport time, Cost savings, Environmental benefits",3,4,4,5,3,3,4,2,4,4,3,4,2,2,3,"Carbon tax on road transport, Investment in rail infrastructure, More flexible rail schedules",4,Road,Intermodal,Intermodal,Intermodal,Intermodal,Intermodal,Road,Road,Intermodal,Intermodal
2,Manufacturer,Perishable goods,100 – 500,< 500,200–350 km,"Procurement / Purchasing, CEO / Senior Executive",Road,None,"Transit time / Speed, Accessibility (terminal/first-last mile)",Yes,Occasionally (1–5/yr),,Complex coordination with rail operators,"Cost savings, Improved reliability",4,5,4,4,4,3,3,3,3,2,4,4,4,2,3,"Digital freight platforms for easier booking, Investment in rail infrastructure",3,Road,Road,Intermodal,Intermodal,Intermodal,Road,Road,Intermodal,Intermodal,Road
3,"Other, Freight Forwarder (3PL/4PL)",Perishable goods,"500 – 1,000",< 500,200–350 km,"Logistics / Supply Chain Manager, Procurement / Purchasing",Multimodal,None,"Technological integration (tracking, digital booking), Sustainability (CO₂), Regulatory compliance, Cost efficiency",Yes,Occasionally (1–5/yr),,,"Cost savings, Environmental benefits",5,4,3,4,3,2,4,3,2,3,2,2,2,3,3,"Carbon tax on road transport, Digital freight platforms for easier booking, More flexible rail schedules, Subsidies for rail transport",3,Road,Road,Intermodal,Intermodal,Intermodal,Intermodal,Road,Intermodal,Intermodal,Road
1,"Intermodal Operator (Rail, Terminal), Freight Forwarder (3PL/4PL)",Automotive,100 – 500,< 500,200–350 km,"CEO / Senior Executive, Procurement / Purchasing",Road,None,"Accessibility (terminal/first-last mile), Flexibility, Sustainability (CO₂), Reliability (on-time)",Yes,Occasionally (1–5/yr),,,"Improved reliability, Cost savings",5,4,3,5,4,2,5,4,4,5,4,3,3,4,4,"Branch-specific intermodal services, Investment in rail infrastructure, Other, Priority access for time-sensitive freight",2,Road,Road,Intermodal,Intermodal,Intermodal,Intermodal,Road,Road,Intermodal,Road
2,Other,Chemicals,"> 1,000","500 – 1,000",200–350 km,Procurement / Purchasing,Other,None,"Accessibility (terminal/first-last mile), Regulatory compliance",Yes,Regularly (6+/yr),,Other,"Other, Appropriate transport time",3,2,4,4,3,4,4,2,3,4,4,2,3,5,5,"Branch-specific intermodal services, Digital freight platforms for easier booking, Subsidies for rail transport",4,Road,Intermodal,Intermodal,Road,Intermodal,Other,Road,Intermodal,Intermodal,Intermodal
3,"Manufacturer, Freight Forwarder (3PL/4PL)",Consumer Goods,100 – 500,"500 – 1,000",< 100 km,"CEO / Senior Executive, Procurement / Purchasing",Road,None,"Sustainability (CO₂), Risk avoidance, Cost efficiency, Accessibility (terminal/first-last mile)",Yes,Occasionally (1–5/yr),,Complex coordination with rail operators,Environmental benefits,4,4,5,5,3,3,3,4,3,4,3,4,2,3,3,"Carbon tax on road transport, Investment in rail infrastructure",3,Intermodal,Road,Road,Road,Intermodal,Road,Road,Intermodal,Intermodal,Road
1,"Other, Retailer/Wholesaler",Chemicals,100 – 500,< 500,< 100 km,CEO / Senior Executive,Road,None,"Reliability (on-time), Sustainability (CO₂)",Yes,Occasionally (1–5/yr),,,Customised service,4,5,4,4,4,4,3,4,4,5,5,2,3,4,4,"Branch-specific intermodal services, Priority access for time-sensitive freight",3,Road,Road,Intermodal,Intermodal,Intermodal,Intermodal,Other,Other,Intermodal,Road
2,Retailer/Wholesaler,Industrial Equipment,100 – 500,"500 – 1,000",100–200 km,"Procurement / Purchasing, Other",Road,None,"Regulatory compliance, Transit time / Speed, Technological integration (tracking, digital booking), Reliability (on-time)",Yes,Regularly (6+/yr),,"Other, High costs","Cost savings, Other, Appropriate transport time",3,5,3,3,5,4,5,4,4,4,4,5,4,2,3,"Digital freight platforms for easier booking, Other, Priority access for time-sensitive freight, Subsidies for rail transport",4,Road,Intermodal,Intermodal,Other,Intermodal,Intermodal,Road,Intermodal,Intermodal,Intermodal
3,"Intermodal Operator (Rail, Terminal)",Food & Beverage,< 100,"500 – 1,000",200–350 km,CEO / Senior Executive,Road,None,"Reliability (on-time), Regulatory compliance",No,,Cost is too high,,,5,4,2,4,4,3,4,3,5,4,4,3,3,4,4,"Carbon tax on road transport, More flexible rail schedules",3,Road,Road,Road,Road,Intermodal,Intermodal,Road,Road,Intermodal,Road
1,"Intermodal Operator (Rail, Terminal), Retailer/Wholesaler",Industrial Equipment,< 100,< 500,100–200 km,Operations Manager,Road,Road,"Flexibility, Technological integration (tracking, digital booking), Sustainability (CO₂), Accessibility (terminal/first-last mile)",No,,Delays,,,3,3,4,4,2,3,3,5,2,2,4,4,3,3,3,"Investment in rail infrastructure, More flexible rail schedules, Priority access for time-sensitive freight, Subsidies for rail transport",3,Intermodal,Road,Intermodal,Road,Road,Intermodal,Other,Intermodal,Intermodal,Road
2,"Intermodal Operator (Rail, Terminal), Manufacturer",Other,"500 – 1,000","500 – 1,000",100–200 km,"CEO / Senior Executive, Logistics / Supply Chain Manager",Road,None,"Transit time / Speed, Technological integration (tracking, digital booking)",Yes,Occasionally (1–5/yr),,,"Other, Environmental benefits, Appropriate transport time",3,4,4,3,4,2,4,4,3,5,3,3,3,4,4,"Digital freight platforms for easier booking, Subsidies for rail transport",4,Road,Road,Intermodal,Intermodal,Intermodal,Other,Road,Road,Intermodal,Road
3,"Intermodal Operator (Rail, Terminal)",Perishable goods,"> 1,000",< 500,> 350 km,Logistics / Supply Chain Manager,Multimodal,None,"Accessibility (terminal/first-last mile), Cost efficiency, Technological integration (tracking, digital booking)",Yes,Occasionally (1–5/yr),,,"Environmental benefits, Improved reliability, Other",5,4,3,5,4,4,4,3,4,4,4,3,5,2,3,"Investment in rail infrastructure, Other",2,Road,Road,Intermodal,Road,Intermodal,Intermodal,Road,Intermodal,Intermodal,Road
1,Retailer/Wholesaler,Food & Beverage,"> 1,000","1,000 – 2,000",200–350 km,Procurement / Purchasing,Multimodal,None,"Risk avoidance, Flexibility",Yes,Regularly (6+/yr),,,"Environmental benefits, Customised service",4,5,4,4,5,3,3,3,4,3,3,4,3,4,4,"Carbon tax on road transport, More flexible rail schedules, Subsidies for rail transport",3,Road,Intermodal,Intermodal,Road,Intermodal,Road,Road,Intermodal,Intermodal,Intermodal
2,"Freight Forwarder (3PL/4PL), Other",Chemicals,< 100,< 500,< 100 km,Other,Road,Multimodal,"Cost efficiency, Sustainability (CO₂), Flexibility",No,,Terminal access inconvenient,,,3,4,3,4,4,4,4,4,3,4,5,3,3,4,4,"More flexible rail schedules, Subsidies for rail transport",2,Intermodal,Intermodal,Intermodal,Intermodal,Intermodal,Intermodal,Road,Intermodal,Road,Intermodal
3,Manufacturer,Food & Beverage,"500 – 1,000","500 – 1,000",100–200 km,"Logistics / Supply Chain Manager, Operations Manager",Road,None,"Transit time / Speed, Sustainability (CO₂)",Yes,Regularly (6+/yr),,,"Other, Customised service, Improved reliability",5,3,3,3,5,4,4,3,3,3,5,4,2,5,4,"Carbon tax on road transport, Priority access for time-sensitive freight",4,Road,Road,Intermodal,Road,Intermodal,Intermodal,Road,Intermodal,Intermodal,Road
1,"Intermodal Operator (Rail, Terminal)",Automotive,100 – 500,"500 – 1,000",< 100 km,"Logistics / Supply Chain Manager, CEO / Senior Executive",Road,None,"Flexibility, Regulatory compliance, Reliability (on-time)",Yes,Regularly (6+/yr),,,"Other, Environmental benefits",4,4,4,5,3,3,5,4,3,3,3,4,2,4,4,"Branch-specific intermodal services, Carbon tax on road transport, Other, Subsidies for rail transport",3,Other,Intermodal,Intermodal,Road,Intermodal,Intermodal,Road,Other,Intermodal,Intermodal
2,"Manufacturer, Freight Forwarder (3PL/4PL)",Food & Beverage,"500 – 1,000","500 – 1,000",< 100 km,"Logistics / Supply Chain Manager, CEO / Senior Executive",Road,None,"Transit time / Speed, Risk avoidance, Cost efficiency",Yes,Regularly (6+/yr),,,"Other, Customised service",3,3,4,5,4,4,2,3,3,2,3,1,2,4,4,"Carbon tax on road transport, Digital freight platforms for easier booking, Priority access for time-sensitive freight",4,Road,Other,Intermodal,Intermodal,Intermodal,Road,Road,Intermodal,Intermodal,Other
3,"Intermodal Operator (Rail, Terminal), Manufacturer",Food & Beverage,100 – 500,< 500,100–200 km,Logistics / Supply Chain Manager,Road,Road,"Cost efficiency, Transit time / Speed, Accessibility (terminal/first-last mile), Sustainability (CO₂)",Yes,Occasionally (1–5/yr),,,Customised service,4,3,5,5,5,3,2,2,5,3,3,4,4,4,4,"Branch-specific intermodal services, Digital freight platforms for easier booking",4,Road,Intermodal,Intermodal,Intermodal,Intermodal,Road,Intermodal,Intermodal,Intermodal,Intermodal
1,Other,Food & Beverage,100 – 500,"500 – 1,000",> 350 km,"Logistics / Supply Chain Manager, CEO / Senior Executive",Road,"Multimodal, Road","Flexibility, Transit time / Speed, Accessibility (terminal/first-last mile), Reliability (on-time)",Yes,Regularly (6+/yr),,,Appropriate transport time,4,5,4,4,3,5,4,3,5,4,5,2,3,4,4,"Branch-specific intermodal services, More flexible rail schedules",4,Road,Road,Intermodal,Intermodal,Intermodal,Intermodal,Road,Road,Intermodal,Road
2,"Intermodal Operator (Rail, Terminal)",Consumer Goods,"500 – 1,000","500 – 1,000",100–200 km,Logistics / Supply Chain Manager,Multimodal,None,"Regulatory compliance, Reliability (on-time), Transit time / Speed, Sustainability (CO₂)",Yes,Occasionally (1–5/yr),,"Damage/loss concerns, Complex coordination with rail operators",Customised service,3,3,4,5,4,5,4,3,4,4,4,5,2,5,4,"Priority access for time-sensitive freight, Subsidies for rail transport",4,Road,Road,Intermodal,Road,Intermodal,Intermodal,Road,Intermodal,Intermodal,Road
3,"Other, Intermodal Operator (Rail, Terminal)",Dangerous goods,100 – 500,< 500,< 100 km,"Logistics / Supply Chain Manager, Other",Multimodal,Road,"Sustainability (CO₂), Transit time / Speed",No,,"Lack of tracking, Transit time too long",,,4,4,4,4,4,3,4,3,4,4,3,3,3,3,2,"Carbon tax on road transport, Investment in rail infrastructure, Priority access for time-sensitive freight",5,Road,Road,Intermodal,Intermodal,Road,Intermodal,Road,Intermodal,Intermodal,Road
1,Retailer/Wholesaler,Perishable goods,"> 1,000","1,000 – 2,000",100–200 km,Other,Road,Road,"Transit time / Speed, Technological integration (tracking, digital booking), Risk avoidance, Cost efficiency",No,,Cost is too high,,,3,4,3,4,3,2,3,4,3,4,4,2,3,4,4,"Carbon tax on road transport, Digital freight platforms for easier booking, More flexible rail schedules, Subsidies for rail transport",4,Road,Intermodal,Intermodal,Intermodal,Intermodal,Road,Road,Other,Intermodal,Intermodal
2,"Intermodal Operator (Rail, Terminal), Freight Forwarder (3PL/4PL)",Other,"500 – 1,000",< 500,< 100 km,Procurement / Purchasing,Road,Road,"Technological integration (tracking, digital booking), Cost efficiency",No,,Damage/loss,,,3,5,4,5,4,2,5,3,4,3,5,2,3,4,4,"Branch-specific intermodal services, Carbon tax on road transport, Investment in rail infrastructure, Priority access for time-sensitive freight",1,Other,Road,Intermodal,Road,Intermodal,Intermodal,Road,Other,Intermodal,Road
3,"Intermodal Operator (Rail, Terminal), Retailer/Wholesaler",Dangerous goods,"> 1,000","500 – 1,000",> 350 km,CEO / Senior Executive,Multimodal,None,"Transit time / Speed, Accessibility (terminal/first-last mile), Risk avoidance",No,,"Rail schedules not flexible, Terminal access inconvenient",,,4,5,5,4,3,4,4,2,3,4,5,4,3,4,4,"Digital freight platforms for easier booking, Investment in rail infrastructure, More flexible rail schedules, Other, Subsidies for rail transport",3,Road,Road,Intermodal,Road,Intermodal,Intermodal,Road,Other,Intermodal,Road
1,Manufacturer,Chemicals,100 – 500,"1,000 – 2,000",100–200 km,Procurement / Purchasing,Multimodal,Road,"Sustainability (CO₂), Regulatory compliance",Yes,Occasionally (1–5/yr),,,"Environmental benefits, Appropriate transport time",4,4,4,5,3,4,4,4,3,2,3,2,2,4,4,"Branch-specific intermodal services, Digital freight platforms for easier booking, Investment in rail infrastructure, Priority access for time-sensitive freight",2,Road,Road,Intermodal,Intermodal,Intermodal,Intermodal,Road,Road,Intermodal,Road
2,"Other, Freight Forwarder (3PL/4PL)",Food & Beverage,"> 1,000","1,000 – 2,000",> 350 km,Other,Multimodal,None,"Accessibility (terminal/first-last mile), Regulatory compliance",Yes,Regularly (6+/yr),,"Long transit time, Complex coordination with rail operators","Environmental benefits, Appropriate transport time, Cost savings",4,5,3,4,2,5,5,4,5,3,4,2,3,5,4,"Carbon tax on road transport, Investment in rail infrastructure, Subsidies for rail transport",4,Intermodal,Road,Intermodal,Intermodal,Road,Intermodal,Road,Intermodal,Intermodal,Road
3,"Manufacturer, Freight Forwarder (3PL/4PL)",Consumer Goods,"500 – 1,000","1,000 – 2,000",100–200 km,"Operations Manager, CEO / Senior Executive",Multimodal,None,"Flexibility, Regulatory compliance, Reliability (on-time)",No,,"Transit time too long, Cost is too high",,,5,4,4,5,4,4,4,3,4,3,3,2,4,5,4,"Digital freight platforms for easier booking, Other, Subsidies for rail transport",3,Intermodal,Intermodal,Intermodal,Intermodal,Intermodal,Road,Road,Road,Intermodal,Intermodal
1,Retailer/Wholesaler,Consumer Goods,< 100,"1,000 – 2,000",100–200 km,"Other, Logistics / Supply Chain Manager",Road,None,"Accessibility (terminal/first-last mile), Regulatory compliance, Technological integration (tracking, digital booking), Reliability (on-time)",No,,"Damage/loss, Transit time too long",,,3,4,5,4,4,4,5,3,4,3,3,3,4,5,4,"Branch-specific intermodal services, Other, Priority access for time-sensitive freight, Subsidies for rail transport",2,Other,Intermodal,Intermodal,Intermodal,Intermodal,Intermodal,Road,Intermodal,Other,Intermodal
2,"Intermodal Operator (Rail, Terminal)",Food & Beverage,"> 1,000","1,000 – 2,000",100–200 km,Procurement / Purchasing,Road,"Road, Multimodal","Technological integration (tracking, digital booking), Regulatory compliance, Sustainability (CO₂), Accessibility (terminal/first-last mile)",No,,"Damage/loss, Transit time too long",,,3,5,4,5,4,5,4,4,4,4,4,3,5,3,3,"Investment in rail infrastructure, More flexible rail schedules, Other, Priority access for time-sensitive freight, Subsidies for rail transport",2,Road,Intermodal,Intermodal,Intermodal,Intermodal,Intermodal,Road,Intermodal,Intermodal,Road
3,"Other, Manufacturer",Other,"500 – 1,000",< 500,100–200 km,Logistics / Supply Chain Manager,Road,Multimodal,"Regulatory compliance, Accessibility (terminal/first-last mile), Flexibility",Yes,Occasionally (1–5/yr),,,Appropriate transport time,4,4,4,4,4,4,5,4,4,5,4,4,3,4,4,"Branch-specific intermodal services, More flexible rail schedules",3,Road,Road,Intermodal,Road,Road,Intermodal,Road,Intermodal,Intermodal,Road
1,"Other, Retailer/Wholesaler",Consumer Goods,"500 – 1,000",< 500,200–350 km,Operations Manager,Multimodal,Road,"Sustainability (CO₂), Technological integration (tracking, digital booking), Cost efficiency, Risk avoidance",Yes,Regularly (6+/yr),,,Environmental benefits,4,2,3,5,5,3,4,4,5,3,4,4,3,5,4,"Branch-specific intermodal services, Carbon tax on road transport",2,Road,Road,Intermodal,Road,Intermodal,Intermodal,Road,Intermodal,Intermodal,Road
2,"Intermodal Operator (Rail, Terminal)",Perishable goods,100 – 500,< 500,200–350 km,CEO / Senior Executive,Multimodal,Road,"Accessibility (terminal/first-last mile), Risk avoidance",Yes,Regularly (6+/yr),,,"Appropriate transport time, Customised service, Environmental benefits",5,5,2,4,5,4,3,4,3,3,4,3,2,3,3,"Carbon tax on road transport, Investment in rail infrastructure, Other, Subsidies for rail transport",2,Road,Road,Intermodal,Road,Intermodal,Intermodal,Road,Intermodal,Intermodal,Road
3,Manufacturer,Industrial Equipment,< 100,"500 – 1,000",> 350 km,Other,Other,None,"Reliability (on-time), Transit time / Speed",Yes,Occasionally (1–5/yr),,,Appropriate transport time,3,3,5,5,3,2,2,3,3,3,4,3,3,3,2,"Digital freight platforms for easier booking, Priority access for time-sensitive freight",4,Road,Road,Intermodal,Road,Intermodal,Intermodal,Road,Intermodal,Intermodal,Road
1,"Intermodal Operator (Rail, Terminal)",Industrial Equipment,"> 1,000","500 – 1,000",100–200 km,Operations Manager,Multimodal,None,"Transit time / Speed, Regulatory compliance",No,,"Damage/loss, Delays",,,4,3,3,4,4,5,3,4,4,3,4,4,3,3,3,"Carbon tax on road transport, Digital freight platforms for easier booking, Subsidies for rail transport",2,Intermodal,Road,Intermodal,Intermodal,Intermodal,Intermodal,Road,Intermodal,Intermodal,Road
2,"Intermodal Operator (Rail, Terminal), Other",Food & Beverage,"500 – 1,000",< 500,100–200 km,Other,Road,None,"Risk avoidance, Technological integration (tracking, digital booking), Flexibility",Yes,Occasionally (1–5/yr),,,"Environmental benefits, Other",5,4,3,4,4,4,4,2,3,3,3,3,3,4,5,"Carbon tax on road transport, Other, Subsidies for rail transport",4,Road,Intermodal,Intermodal,Other,Intermodal,Intermodal,Road,Intermodal,Intermodal,Intermodal
3,"Retailer/Wholesaler, Freight Forwarder (3PL/4PL)",Chemicals,"> 1,000","1,000 – 2,000",< 100 km,"Other, Logistics / Supply Chain Manager",Road,Road,"Flexibility, Technological integration (tracking, digital booking), Risk avoidance, Accessibility (terminal/first-last mile)",Yes,Regularly (6+/yr),,"Damage/loss concerns, High costs",Improved reliability,2,5,5,4,4,4,3,4,3,3,4,4,3,4,4,"Carbon tax on road transport, Other, Subsidies for rail transport",4,Road,Intermodal,Intermodal,Road,Intermodal,Intermodal,Road,Intermodal,Intermodal,Intermodal
1,Manufacturer,Chemicals,100 – 500,"1,000 – 2,000",< 100 km,"Operations Manager, Logistics / Supply Chain Manager",Other,"Road, Multimodal","Transit time / Speed, Accessibility (terminal/first-last mile), Regulatory compliance",Yes,Occasionally (1–5/yr),,,"Environmental benefits, Cost savings",3,3,3,5,4,2,3,5,4,2,5,3,3,5,4,"Branch-specific intermodal services, Carbon tax on road transport, Digital freight platforms for easier booking, Other",4,Road,Road,Other,Road,Intermodal,Intermodal,Road,Intermodal,Intermodal,Road
2,"Other, Manufacturer",Perishable goods,"500 – 1,000",< 500,200–350 km,Other,Multimodal,None,"Cost efficiency, Risk avoidance, Technological integration (tracking, digital booking), Reliability (on-time)",Yes,Occasionally (1–5/yr),,,"Cost savings, Improved reliability, Other",3,4,3,4,4,4,4,3,5,3,4,3,2,3,3,"Digital freight platforms for easier booking, Investment in rail infrastructure, Other, Priority access for time-sensitive freight",3,Road,Road,Intermodal,Other,Intermodal,Road,Road,Intermodal,Intermodal,Road
3,"Intermodal Operator (Rail, Terminal), Retailer/Wholesaler",Consumer Goods,"500 – 1,000",< 500,200–350 km,"Procurement / Purchasing, Other",Road,None,"Risk avoidance, Technological integration (tracking, digital booking), Flexibility",Yes,Occasionally (1–5/yr),,"Limited rail network coverage, Damage/loss concerns","Appropriate transport time, Other",4,4,4,4,4,4,3,5,3,4,2,3,2,4,5,"Branch-specific intermodal services, More flexible rail schedules, Priority access for time-sensitive freight, Subsidies for rail transport",2,Road,Intermodal,Intermodal,Road,Intermodal,Intermodal,Road,Intermodal,Intermodal,Intermodal
1,"Intermodal Operator (Rail, Terminal)",Chemicals,"> 1,000",< 500,> 350 km,"CEO / Senior Executive, Logistics / Supply Chain Manager",Road,None,"Risk avoidance, Transit time / Speed, Accessibility (terminal/first-last mile), Flexibility",No,,"Lack of tracking, Transit time too long, Damage/loss",,,5,4,3,5,3,4,4,2,5,4,4,2,2,3,3,"Digital freight platforms for easier booking, More flexible rail schedules, Subsidies for rail transport",2,Road,Road,Intermodal,Road,Intermodal,Intermodal,Road,Intermodal,Intermodal,Road
2,Manufacturer,Dangerous goods,"500 – 1,000","1,000 – 2,000",< 100 km,CEO / Senior Executive,Road,Road,"Reliability (on-time), Accessibility (terminal/first-last mile), Regulatory compliance, Transit time / Speed",Yes,Regularly (6+/yr),,,Cost savings,4,4,5,4,3,3,3,4,4,5,3,3,3,4,4,"Carbon tax on road transport, Digital freight platforms for easier booking, Priority access for time-sensitive freight, Subsidies for rail transport",4,Road,Intermodal,Intermodal,Intermodal,Intermodal,Intermodal,Road,Intermodal,Intermodal,Intermodal
3,"Intermodal Operator (Rail, Terminal), Retailer/Wholesaler",Other,"500 – 1,000","500 – 1,000",200–350 km,"Procurement / Purchasing, Logistics / Supply Chain Manager",Other,None,"Risk avoidance, Sustainability (CO₂)",Yes,Occasionally (1–5/yr),,Inflexible schedules,"Customised service, Environmental benefits",5,5,4,4,2,3,4,3,4,4,3,3,3,3,3,"Carbon tax on road transport, More flexible rail schedules",5,Road,Road,Intermodal,Road,Intermodal,Intermodal,Road,Intermodal,Intermodal,Road
1,Retailer/Wholesaler,Chemicals,< 100,< 500,200–350 km,"Other, Logistics / Supply Chain Manager",Road,None,"Cost efficiency, Reliability (on-time), Flexibility, Risk avoidance",Yes,Occasionally (1–5/yr),,,"Improved reliability, Other",3,2,4,5,3,5,4,5,3,4,4,4,2,4,5,"Digital freight platforms for easier booking, Investment in rail infrastructure, Other, Subsidies for rail transport",3,Road,Intermodal,Intermodal,Road,Intermodal,Road,Road,Intermodal,Intermodal,Intermodal
2,"Intermodal Operator (Rail, Terminal)",Consumer Goods,100 – 500,< 500,< 100 km,"CEO / Senior Executive, Operations Manager",Multimodal,None,"Transit time / Speed, Reliability (on-time)",No,,Complicated booking,,,3,5,3,5,4,4,3,4,3,4,4,2,4,5,4,"Investment in rail infrastructure, Priority access for time-sensitive freight",3,Road,Road,Intermodal,Intermodal,Intermodal,Intermodal,Road,Intermodal,Intermodal,Road
3,"Manufacturer, Freight Forwarder (3PL/4PL)",Food & Beverage,"500 – 1,000","500 – 1,000",100–200 km,Operations Manager,Multimodal,None,"Transit time / Speed, Cost efficiency",Yes,Occasionally (1–5/yr),,,"Customised service, Environmental benefits",4,4,4,4,3,4,4,3,5,3,3,4,4,4,4,"Other, Priority access for time-sensitive freight, Subsidies for rail transport",3,Road,Road,Intermodal,Road,Intermodal,Intermodal,Road,Intermodal,Intermodal,Road
1,"Freight Forwarder (3PL/4PL), Retailer/Wholesaler",Consumer Goods,100 – 500,"500 – 1,000",< 100 km,"CEO / Senior Executive, Operations Manager",Road,None,"Regulatory compliance, Sustainability (CO₂), Reliability (on-time)",Yes,Regularly (6+/yr),,,"Appropriate transport time, Improved reliability",4,4,4,5,3,3,4,4,3,5,3,3,3,3,2,"Digital freight platforms for easier booking, Priority access for time-sensitive freight, Subsidies for rail transport",2,Road,Road,Intermodal,Intermodal,Intermodal,Intermodal,Road,Intermodal,Intermodal,Road
2,Manufacturer,Food & Beverage,"500 – 1,000","> 2,000",100–200 km,"Procurement / Purchasing, Logistics / Supply Chain Manager",Multimodal,None,"Technological integration (tracking, digital booking), Sustainability (CO₂)",No,,"Other, Transit time too long",,,3,2,3,5,4,4,3,2,3,4,5,4,4,4,4,"Carbon tax on road transport, Investment in rail infrastructure, Priority access for time-sensitive freight, Subsidies for rail transport",3,Intermodal,Road,Intermodal,Intermodal,Intermodal,Intermodal,Road,Intermodal,Intermodal,Road
3,"Freight Forwarder (3PL/4PL), Other",Food & Beverage,100 – 500,< 500,100–200 km,CEO / Senior Executive,Multimodal,None,"Reliability (on-time), Accessibility (terminal/first-last mile), Technological integration (tracking, digital booking), Flexibility",No,,"Delays, Need last-mile road",,,4,5,5,5,3,4,4,3,4,4,3,4,3,3,3,"Carbon tax on road transport, Digital freight platforms for easier booking, Other, Subsidies for rail transport",3,Road,Road,Intermodal,Other,Intermodal,Intermodal,Road,Intermodal,Intermodal,Road
1,"Retailer/Wholesaler, Manufacturer",Other,< 100,"500 – 1,000",200–350 km,"Logistics / Supply Chain Manager, Operations Manager",Road,Road,"Flexibility, Accessibility (terminal/first-last mile)",Yes,Regularly (6+/yr),,,"Cost savings, Appropriate transport time, Improved reliability",5,2,4,4,4,4,5,3,4,4,2,5,2,4,4,"Branch-specific intermodal services, Digital freight platforms for easier booking, More flexible rail schedules",2,Other,Road,Intermodal,Road,Intermodal,Intermodal,Other,Road,Intermodal,Road
2,"Retailer/Wholesaler, Intermodal Operator (Rail, Terminal)",Consumer Goods,"> 1,000","1,000 – 2,000",100–200 km,"Other, Procurement / Purchasing",Multimodal,Road,"Technological integration (tracking, digital booking), Transit time / Speed, Cost efficiency",Yes,Regularly (6+/yr),,,Appropriate transport time,3,3,4,4,4,3,2,5,4,3,4,4,3,4,5,"Carbon tax on road transport, More flexible rail schedules, Subsidies for rail transport",3,Other,Road,Intermodal,Intermodal,Intermodal,Intermodal,Road,Intermodal,Intermodal,Road
3,"Manufacturer, Other",Industrial Equipment,"> 1,000","500 – 1,000",100–200 km,CEO / Senior Executive,Road,None,"Reliability (on-time), Cost efficiency, Sustainability (CO₂)",Yes,Occasionally (1–5/yr),,,"Other, Cost savings, Improved reliability",5,4,4,5,4,3,4,4,5,4,4,3,3,4,4,"Investment in rail infrastructure, More flexible rail schedules, Priority access for time-sensitive freight, Subsidies for rail transport",4,Road,Intermodal,Intermodal,Road,Intermodal,Intermodal,Road,Intermodal,Intermodal,Intermodal
1,"Retailer/Wholesaler, Intermodal Operator (Rail, Terminal)",Food & Beverage,"> 1,000","500 – 1,000",< 100 km,"Logistics / Supply Chain Manager, Other",Road,"Road, Multimodal","Flexibility, Regulatory compliance, Accessibility (terminal/first-last mile)",No,,"Other, Need last-mile road, Transit time too long",,,4,5,5,3,3,3,4,4,5,3,4,3,3,4,4,"Investment in rail infrastructure, More flexible rail schedules",4,Road,Road,Intermodal,Intermodal,Intermodal,Intermodal,Road,Intermodal,Intermodal,Road
2,Other,Consumer Goods,"500 – 1,000","500 – 1,000",200–350 km,"Procurement / Purchasing, CEO / Senior Executive",Road,Multimodal,"Risk avoidance, Flexibility",Yes,Occasionally (1–5/yr),,,"Improved reliability, Customised service",3,5,5,5,4,5,5,4,3,4,5,4,4,5,4,"Carbon tax on road transport, Digital freight platforms for easier booking, Investment in rail infrastructure, Priority access for time-sensitive freight",4,Road,Road,Other,Intermodal,Intermodal,Intermodal,Road,Intermodal,Intermodal,Road
3,Manufacturer,Other,100 – 500,"500 – 1,000",100–200 km,"Logistics / Supply Chain Manager, Procurement / Purchasing",Multimodal,Multimodal,"Risk avoidance, Sustainability (CO₂)",No,,Terminal access inconvenient,,,5,4,4,5,4,3,3,4,4,4,5,4,4,2,3,"Digital freight platforms for easier booking, Priority access for time-sensitive freight",3,Road,Road,Intermodal,Other,Intermodal,Intermodal,Road,Intermodal,Intermodal,Road
1,"Other, Manufacturer",Other,100 – 500,"500 – 1,000",200–350 km,Other,Multimodal,"Multimodal, Road","Regulatory compliance, Reliability (on-time), Sustainability (CO₂)",Yes,Regularly (6+/yr),,,"Appropriate transport time, Other, Environmental benefits",4,3,4,5,4,3,4,4,5,3,3,3,4,5,4,"Carbon tax on road transport, Digital freight platforms for easier booking, Other",4,Road,Road,Intermodal,Road,Other,Intermodal,Road,Intermodal,Intermodal,Road
2,Retailer/Wholesaler,Automotive,< 100,"500 – 1,000",200–350 km,"Operations Manager, CEO / Senior Executive",Multimodal,Road,"Sustainability (CO₂), Reliability (on-time)",Yes,Regularly (6+/yr),,,"Other, Environmental benefits",3,4,4,5,4,2,4,4,5,3,3,3,4,4,4,"Digital freight platforms for easier booking, More flexible rail schedules, Other, Priority access for time-sensitive freight",4,Intermodal,Road,Intermodal,Road,Other,Intermodal,Road,Intermodal,Intermodal,Road
3,"Intermodal Operator (Rail, Terminal), Manufacturer",Perishable goods,100 – 500,"500 – 1,000",100–200 km,"Logistics / Supply Chain Manager, Other",Multimodal,"Road, Multimodal","Risk avoidance, Flexibility",Yes,Occasionally (1–5/yr),,Damage/loss concerns,"Appropriate transport time, Cost savings",3,4,4,5,4,4,3,3,3,3,4,4,4,3,3,"Branch-specific intermodal services, Carbon tax on road transport, More flexible rail schedules, Other",2,Road,Road,Intermodal,Road,Intermodal,Road,Road,Road,Intermodal,Road
1,Manufacturer,Perishable goods,100 – 500,"1,000 – 2,000",200–350 km,CEO / Senior Executive,Road,None,"Cost efficiency, Sustainability (CO₂), Technological integration (tracking, digital booking)",No,,"Cost is too high, Need last-mile road",,,4,3,4,5,4,4,3,3,5,4,4,4,2,3,3,"Investment in rail infrastructure, Subsidies for rail transport",3,Road,Road,Intermodal,Road,Intermodal,Intermodal,Road,Intermodal,Intermodal,Road
2,"Intermodal Operator (Rail, Terminal)",Automotive,< 100,"500 – 1,000",< 100 km,Logistics / Supply Chain Manager,Road,None,"Regulatory compliance, Risk avoidance, Accessibility (terminal/first-last mile)",Yes,Regularly (6+/yr),,,"Other, Improved reliability, Customised service",2,4,5,4,4,3,2,4,5,5,2,2,2,2,3,"Branch-specific intermodal services, More flexible rail schedules, Other, Priority access for time-sensitive freight",3,Road,Road,Intermodal,Road,Intermodal,Road,Road,Intermodal,Intermodal,Road
3,Manufacturer,Food & Beverage,100 – 500,< 500,200–350 km,"Logistics / Supply Chain Manager, CEO / Senior Executive",Multimodal,None,"Reliability (on-time), Technological integration (tracking, digital booking), Transit time / Speed, Sustainability (CO₂)",No,,"Delays, Other, Need last-mile road",,,4,3,4,5,4,4,3,4,1,4,5,2,3,4,4,"More flexible rail schedules, Other, Priority access for time-sensitive freight",4,Road,Road,Intermodal,Road,Intermodal,Intermodal,Road,Intermodal,Intermodal,Road
1,Other,Automotive,"500 – 1,000","500 – 1,000",200–350 km,"Logistics / Supply Chain Manager, Procurement / Purchasing",Road,None,"Transit time / Speed, Accessibility (terminal/first-last mile), Risk avoidance, Cost efficiency",No,,"Terminal access inconvenient, Damage/loss, Transit time too long",,,5,4,4,5,5,4,4,4,5,3,3,2,2,3,3,"Branch-specific intermodal services, Priority access for time-sensitive freight",2,Road,Road,Intermodal,Road,Intermodal,Other,Road,Intermodal,Intermodal,Road
2,"Manufacturer, Freight Forwarder (3PL/4PL)",Perishable goods,"500 – 1,000","500 – 1,000",< 100 km,Logistics / Supply Chain Manager,Road,Road,"Transit time / Speed, Cost efficiency",Yes,Regularly (6+/yr),,,Customised service,3,4,2,5,3,3,3,3,3,4,4,4,4,4,5,"Digital freight platforms for easier booking, Investment in rail infrastructure, Subsidies for rail transport",4,Road,Road,Intermodal,Intermodal,Intermodal,Intermodal,Road,Intermodal,Intermodal,Intermodal
3,Other,Food & Beverage,"> 1,000",< 500,< 100 km,"CEO / Senior Executive, Procurement / Purchasing",Road,None,"Cost efficiency, Technological integration (tracking, digital booking)",No,,"Rail schedules not flexible, Damage/loss",,,5,4,4,4,3,4,4,5,4,4,3,4,4,5,4,"Branch-specific intermodal services, Carbon tax on road transport, Subsidies for rail transport",3,Road,Intermodal,Other,Road,Intermodal,Road,Road,Intermodal,Intermodal,Intermodal
1,"Other, Manufacturer",Food & Beverage,"500 – 1,000","500 – 1,000",> 350 km,"Operations Manager, CEO / Senior Executive",Road,None,"Flexibility, Transit time / Speed, Sustainability (CO₂)",No,,"Other, Delays, Terminal access inconvenient",,,4,5,5,4,4,4,5,4,4,3,3,4,3,4,4,"Carbon tax on road transport, More flexible rail schedules",3,Road,Road,Intermodal,Intermodal,Road,Intermodal,Road,Intermodal,Intermodal,Road
2,"Retailer/Wholesaler, Manufacturer",Industrial Equipment,"> 1,000","500 – 1,000",100–200 km,"CEO / Senior Executive, Logistics / Supply Chain Manager",Multimodal,None,"Sustainability (CO₂), Reliability (on-time), Cost efficiency, Technological integration (tracking, digital booking)",Yes,Occasionally (1–5/yr),,,Other,5,5,5,5,3,3,4,4,3,4,5,3,2,3,3,"Other, Subsidies for rail transport",3,Road,Road,Intermodal,Intermodal,Intermodal,Intermodal,Road,Intermodal,Intermodal,Road
3,"Other, Manufacturer",Dangerous goods,100 – 500,"500 – 1,000",100–200 km,Other,Road,None,"Sustainability (CO₂), Cost efficiency",No,,Damage/loss,,,3,4,3,4,3,4,5,4,3,4,3,3,3,3,3,"Branch-specific intermodal services, More flexible rail schedules",3,Intermodal,Road,Other,Intermodal,Intermodal,Road,Road,Intermodal,Intermodal,Road
1,Retailer/Wholesaler,Other,"> 1,000","1,000 – 2,000",> 350 km,"Procurement / Purchasing, Other",Road,None,"Sustainability (CO₂), Flexibility, Reliability (on-time), Technological integration (tracking, digital booking)",Yes,Occasionally (1–5/yr),,Complex coordination with rail operators,"Cost savings, Other, Improved reliability",5,3,4,3,4,4,3,4,3,5,4,4,1,4,5,"More flexible rail schedules, Subsidies for rail transport",3,Road,Road,Intermodal,Intermodal,Intermodal,Intermodal,Road,Intermodal,Intermodal,Road
2,"Other, Freight Forwarder (3PL/4PL)",Perishable goods,"> 1,000","500 – 1,000",100–200 km,CEO / Senior Executive,Road,None,"Cost efficiency, Reliability (on-time)",No,,"Other, Transit time too long, Complicated booking",,,4,4,5,4,5,3,4,4,4,3,3,4,3,3,3,"Carbon tax on road transport, Digital freight platforms for easier booking, Priority access for time-sensitive freight, Subsidies for rail transport",3,Road,Road,Intermodal,Road,Intermodal,Intermodal,Road,Intermodal,Intermodal,Road
3,Freight Forwarder (3PL/4PL),Industrial Equipment,< 100,"500 – 1,000",100–200 km,Logistics / Supply Chain Manager,Multimodal,None,"Risk avoidance, Transit time / Speed, Reliability (on-time), Regulatory compliance",No,,"Delays, Damage/loss",,,3,4,3,5,3,4,3,3,5,4,3,2,2,3,3,"More flexible rail schedules, Other",4,Road,Road,Intermodal,Road,Intermodal,Intermodal,Road,Intermodal,Intermodal,Road
1,"Manufacturer, Retailer/Wholesaler",Food & Beverage,< 100,"500 – 1,000",100–200 km,CEO / Senior Executive,Road,"Road, Multimodal","Regulatory compliance, Technological integration (tracking, digital booking), Risk avoidance",No,,Cost is too high,,,3,5,4,4,4,4,4,3,5,3,5,3,4,5,5,"Carbon tax on road transport, Investment in rail infrastructure, Other, Subsidies for rail transport",3,Intermodal,Intermodal,Intermodal,Road,Other,Intermodal,Road,Intermodal,Intermodal,Intermodal
2,"Other, Manufacturer",Food & Beverage,100 – 500,< 500,> 350 km,"CEO / Senior Executive, Other",Road,None,"Sustainability (CO₂), Cost efficiency",No,,Lack of tracking,,,3,5,4,3,3,3,3,5,4,5,3,3,4,2,3,"Branch-specific intermodal services, Carbon tax on road transport, Digital freight platforms for easier booking, More flexible rail schedules",4,Road,Intermodal,Other,Intermodal,Road,Intermodal,Road,Other,Intermodal,Intermodal
3,Retailer/Wholesaler,Perishable goods,"500 – 1,000","500 – 1,000",< 100 km,"Procurement / Purchasing, Other",Multimodal,None,"Risk avoidance, Accessibility (terminal/first-last mile), Cost efficiency, Reliability (on-time)",No,,"Delays, Rail schedules not flexible",,,4,3,3,4,4,3,4,5,4,3,4,3,2,3,3,"Digital freight platforms for easier booking, Investment in rail infrastructure",3,Road,Intermodal,Intermodal,Road,Intermodal,Intermodal,Road,Intermodal,Intermodal,Intermodal
1,"Retailer/Wholesaler, Intermodal Operator (Rail, Terminal)",Food & Beverage,100 – 500,"500 – 1,000",< 100 km,Procurement / Purchasing,Road,None,"Flexibility, Cost efficiency",Yes,Occasionally (1–5/yr),,,"Customised service, Environmental benefits",4,5,4,4,4,5,2,3,4,3,3,3,3,4,5,"Investment in rail infrastructure, Other",3,Road,Intermodal,Intermodal,Other,Intermodal,Intermodal,Road,Intermodal,Intermodal,Intermodal
